city,county,state,lat,lng
Sunrise Springs,Apache,AZ,-109.7476206,35.6018444
Allentown,Apache,AZ,-109.158426,35.291969
Los Burros,Apache,AZ,-109.7770457,34.1414335
Oak Springs,Apache,AZ,-109.1297943,35.4755773
Heap Place,Apache,AZ,-109.4081578,34.5836456
Tsaile,Apache,AZ,-109.1901071,36.290311
Boneyard,Apache,AZ,-109.2723038,33.8792177
Concho,Apache,AZ,-109.6059405,34.4753132
Eagar,Apache,AZ,-109.291475,34.1111581
Alpine,Apache,AZ,-109.142226,33.8485353
Tsintaa Yiti Ii,Apache,AZ,-109.8123348,35.8255641
Tanner Springs,Apache,AZ,-109.68567,35.2883528
Paulcell Place,Apache,AZ,-109.8259491,34.9619703
Fort Defiance,Apache,AZ,-109.076482,35.7444603
Hunters Point,Apache,AZ,-109.103356,35.5488308
Chambers,Apache,AZ,-109.4336559,35.189435
Twin Falls,Apache,AZ,-109.1026018,36.8636102
Wheatfields,Apache,AZ,-109.12631,36.2382416
Houck,Apache,AZ,-109.2145492,35.2854449
White Clay,Apache,AZ,-109.218711,36.0650068
Mexican Water Trading Post,Apache,AZ,-109.603618,36.9241275
Rock Point,Apache,AZ,-109.624514,36.7170573
Chetco,Apache,AZ,-109.3342673,35.2164137
Lower Wheatfields,Apache,AZ,-109.1359323,36.2041713
Del Muerto,Apache,AZ,-109.442883,36.1847258
McNary,Apache,AZ,-109.8537511,34.0746991
Springerville,Apache,AZ,-109.2860081,34.1340599
Cornfields,Apache,AZ,-109.679275,35.652235
Salado,Apache,AZ,-109.4109913,34.4338722
Bonita Trading Post,Apache,AZ,-109.0703715,35.7364049
Greer,Apache,AZ,-109.4587014,34.0100477
Window Rock,Apache,AZ,-109.058149,35.6763274
Yazzi,Apache,AZ,-109.224268,36.5791674
Cottonwood,Apache,AZ,-109.890999,36.0746354
Burnside,Apache,AZ,-109.626352,35.752268
Round Rock,Apache,AZ,-109.473439,36.5130564
Lupton,Apache,AZ,-109.053701,35.3539127
Blue Gap,Apache,AZ,-109.946506,36.1708352
Tes Nez Iah,Apache,AZ,-109.7089323,36.9419601
Diamond Fields,Apache,AZ,-109.890117,36.8127794
Toyei,Apache,AZ,-109.938172,35.7025091
Totacon,Apache,AZ,-109.4172173,36.8629118
Teec Nos Pos,Apache,AZ,-109.0963926,36.9231409
Horse Mesa,Apache,AZ,-109.0464866,36.705
Coyote Springs,Apache,AZ,-109.716222,36.2605572
Sawmill,Apache,AZ,-109.162991,35.900759
Maverick,Apache,AZ,-109.5473111,33.742829
Vernon,Apache,AZ,-109.6928828,34.2575361
Flat Rock,Apache,AZ,-109.555662,36.0055622
Saint Michaels,Apache,AZ,-109.0937302,35.6512365
Dennehotso,Apache,AZ,-109.846239,36.8440622
Nutrioso,Apache,AZ,-109.2092478,33.953106
Hunt,Apache,AZ,-109.6276083,34.6100336
Navajo é Kin Łigaaí,Apache,AZ,-109.537964,35.1243353
Ganado,Apache,AZ,-109.542121,35.7116198
Steamboat,Apache,AZ,-109.850669,35.748065
Cove,Apache,AZ,-109.215224,36.5669697
Sand Springs,Apache,AZ,-109.702334,36.8394461
Nazlini,Apache,AZ,-109.447212,35.8994752
Lukachukai,Apache,AZ,-109.226751,36.4158307
Kinlichee,Apache,AZ,-109.425657,35.7561245
Rough Rock,Apache,AZ,-109.8667039,36.4111651
Kinney Junction,Apache,AZ,-109.773987,33.9172704
Troweek,Apache,AZ,-109.0606318,33.9289404
Many Farms,Apache,AZ,-109.617172,36.3531019
Mexican Water,Apache,AZ,-109.63789,36.9669462
El Tule,Apache,AZ,-109.3973191,34.3797616
St. Johns,Apache,AZ,-109.360932,34.5058698
Feaster,Apache,AZ,-109.1453578,33.9917171
Tahchee,Apache,AZ,-109.89456,36.2286124
Salina,Apache,AZ,-109.8673366,36.0222271
Emmanuel Mission,Apache,AZ,-109.397329,36.8022227
Pine Springs,Apache,AZ,-109.280097,35.4052998
Richville,Apache,AZ,-109.3553692,34.2861539
Rosebud,Apache,AZ,-109.2673061,34.0006051
Klagetoh,Apache,AZ,-109.52816,35.501962
Adamana,Apache,AZ,-109.8223383,34.9766921
Potter Place,Apache,AZ,-109.6556655,34.8111414
Pinta,Apache,AZ,-109.630668,35.0822462
Green Spot,Apache,AZ,-109.4037021,34.1897669
Wood Springs,Apache,AZ,-109.434547,35.8311225
Wide Ruins,Apache,AZ,-109.496494,35.4194639
Milkwater,Apache,AZ,-109.110653,36.0527857
Hawley Lake,Apache,AZ,-109.7470435,33.983936
Greer Place,Apache,AZ,-109.605108,34.6033666
Chinle,Apache,AZ,-109.581273,36.1621322
Sanders,Apache,AZ,-109.333711,35.2164137
Upper Wheatfields,Apache,AZ,-109.079819,36.2230603
Red Rock,Apache,AZ,-109.060653,36.6044451
Northwoods,Apache,AZ,-109.4567571,34.0283807
Woodland Valley Ranch,Apache,AZ,-109.1183459,34.6505102
McCarrell,Apache,AZ,-109.4865292,35.1667213
Nahata Dziil,Apache,AZ,-109.326553,35.0920925
Adeií Díwózhii Biiʼ Tó,Apache,AZ,-109.2488944,36.3695115
Junction Overlook,Apache,AZ,-109.4937018,36.1375024
Sehili,Apache,AZ,-109.169073,36.2793244
Tókʼi Hazbįʼí,Apache,AZ,-109.8788474,36.1277332
Totshoh,Apache,AZ,-109.2368878,36.4118517
Tʼiisyáázh Łání,Apache,AZ,-109.6087754,36.2656456
Ałchʼįʼáhootʼé,Apache,AZ,-109.7423697,35.610785
Béésh Biiʼtó,Apache,AZ,-109.9806258,35.772372
Choyojdolid,Apache,AZ,-109.3998926,35.718778
Kin Łigaaí,Apache,AZ,-109.7223142,35.5544316
Nátʼohchǫʼí,Apache,AZ,-109.5298899,35.7174305
Ndilkalí,Apache,AZ,-109.9552965,35.9038608
Navajo Springs,Apache,AZ,-109.4949358,35.100024
Red Mesa,Apache,AZ,-109.3509445,36.9610046
Bradberry,Cochise,AZ,-110.3125809,32.4103504
Village Meadows,Cochise,AZ,-110.2714688,31.5500953
Contention,Cochise,AZ,-110.2021489,31.7683834
Benson,Cochise,AZ,-110.2945174,31.9678611
Fenner,Cochise,AZ,-110.231317,31.9701775
Tully,Cochise,AZ,-110.1234032,31.9828606
Dragoon,Cochise,AZ,-110.0386795,32.0281367
East Pershing Plaza,Cochise,AZ,-110.3436914,31.5550948
Tombstone,Cochise,AZ,-110.0652028,31.714229
Benson Junction,Cochise,AZ,-110.198132,31.7392562
Nicksville,Cochise,AZ,-110.2431107,31.4378922
Palominas,Cochise,AZ,-110.1184106,31.3798232
Ramsey,Cochise,AZ,-110.3114692,31.4459318
De Anza Village,Cochise,AZ,-110.3423026,31.5517616
Mescal,Cochise,AZ,-110.4353531,31.9900824
Pomerene,Cochise,AZ,-110.286183,31.999527
Huachuca City,Cochise,AZ,-110.3339678,31.6278703
Chamiso,Cochise,AZ,-110.354518,31.9928603
Fry,Cochise,AZ,-110.29508,31.5567617
Apache Flats,Cochise,AZ,-110.3625803,31.5581502
Coronado Village,Cochise,AZ,-110.3478582,31.5487061
Hereford,Cochise,AZ,-110.0978554,31.4384325
Gatewood Housing,Cochise,AZ,-110.335358,31.5550948
Hookers Hot Springs,Cochise,AZ,-110.2381535,32.3353229
Miles Manor,Cochise,AZ,-110.3398025,31.558428
Curtiss,Cochise,AZ,-110.2297962,31.88453
Signal Village,Cochise,AZ,-110.3561916,31.5500949
Bonnie Blink,Cochise,AZ,-110.3723028,31.5467616
Saint David,Cochise,AZ,-110.2142399,31.9042517
Stark,Cochise,AZ,-110.0367427,31.3714901
West Pershing Plaza,Cochise,AZ,-110.349247,31.5550948
Boquillas,Cochise,AZ,-110.2281323,31.7720329
Miracle Valley,Cochise,AZ,-110.1517244,31.3831375
Escalante Crossing,Cochise,AZ,-110.2097966,31.8611973
Campstone,Cochise,AZ,-110.3464676,31.6434253
Sierra Vista,Cochise,AZ,-110.2997756,31.5545973
Bledsoe,Cochise,AZ,-110.306747,31.4478762
Johnson,Cochise,AZ,-110.0661806,32.1031341
Whetstone,Cochise,AZ,-110.3463928,31.6975586
Sierra Vista Estates,Cochise,AZ,-110.2548026,31.4834308
Cavalry Park,Cochise,AZ,-110.363136,31.552317
Cascabel,Cochise,AZ,-110.3795221,32.2914623
Elfrida,Cochise,AZ,-109.6870138,31.6853714
Double Adobe,Cochise,AZ,-109.6900706,31.4667657
Douglas,Cochise,AZ,-109.5383567,31.3471741
McNeal,Cochise,AZ,-109.6721511,31.6000188
Forrest,Cochise,AZ,-109.7275704,31.3667683
Courtland,Cochise,AZ,-109.8086819,31.7700905
Huachuca Terrace,Cochise,AZ,-109.9261011,31.3954612
Bisbee,Cochise,AZ,-109.928408,31.4481547
Cazador,Cochise,AZ,-109.422287,31.4914874
Tintown,Cochise,AZ,-109.8984074,31.4142668
Bowie,Cochise,AZ,-109.4870141,32.3262613
Bakerville,Cochise,AZ,-109.8872962,31.4228777
Bisbee Junction,Cochise,AZ,-109.8861844,31.3514908
Arizona Sun Sites,Cochise,AZ,-109.9589584,31.9167515
Calumet,Cochise,AZ,-109.607568,31.3542689
Saginaw,Cochise,AZ,-109.8834073,31.4292664
Sunizona,Cochise,AZ,-109.6533992,31.8820329
Dos Cabezas,Cochise,AZ,-109.6133977,32.1753571
Black Diamond,Cochise,AZ,-109.9067375,31.8436986
Cochise,Cochise,AZ,-109.9211642,32.1139875
Don Luis,Cochise,AZ,-109.916741,31.4026004
Paul Spur,Cochise,AZ,-109.7345151,31.3662127
Warren,Cochise,AZ,-109.8774735,31.4133669
Paradise,Cochise,AZ,-109.2189503,31.9348131
Pearce,Cochise,AZ,-109.8206232,31.9050865
Neff,Cochise,AZ,-109.9797986,31.4792648
Chiricahua,Cochise,AZ,-109.240616,31.5923207
Gleeson,Cochise,AZ,-109.8297941,31.7339802
Highland Park,Cochise,AZ,-109.9409086,31.4506546
Pirtleville,Cochise,AZ,-109.5686913,31.359587
Manzoro,Cochise,AZ,-109.9709,32.0448029
Briggs,Cochise,AZ,-109.8970186,31.4184333
Apache,Cochise,AZ,-109.1322817,31.6903753
Corta Junction,Cochise,AZ,-109.883684,31.3962117
Hilltop,Cochise,AZ,-109.2775617,31.9945331
Bernardino,Cochise,AZ,-109.3128407,31.5106544
Galena,Cochise,AZ,-109.8931296,31.4220443
Lowell,Cochise,AZ,-109.8936853,31.4278776
Galeyville,Cochise,AZ,-109.2180731,31.952856
Portal,Cochise,AZ,-109.1414262,31.9135924
San Simon,Cochise,AZ,-109.2270613,32.2665117
Grizzles Orchard,Cochise,AZ,-109.74868,31.7542582
Naco,Cochise,AZ,-109.9478251,31.3373721
Willcox,Cochise,AZ,-109.8315759,32.2529138
Winchester Heights,Cochise,AZ,-109.9269891,32.4130268
Marble Canyon,Coconino,AZ,-111.637661,36.8155432
Supai,Coconino,AZ,-112.689549,36.2367074
Bellemont,Coconino,AZ,-111.8334974,35.2380657
Lechee,Coconino,AZ,-110.7529145,35.0322421
Maine,Coconino,AZ,-111.9384966,35.2530665
Cameron,Coconino,AZ,-111.411918,35.8740383
Willow Springs,Coconino,AZ,-111.3899265,36.185105
Forest Lakes Estates,Coconino,AZ,-110.7998477,34.3389284
Bishop Place,Coconino,AZ,-112.7229576,35.4602779
Mountainaire,Coconino,AZ,-111.6659925,35.0852924
Rose Well Camp,Coconino,AZ,-112.8752411,35.743976
Pilgrim Playground,Coconino,AZ,-111.4818172,34.9619657
Fredonia,Coconino,AZ,-112.526588,36.945542
Gray Mountain,Coconino,AZ,-111.473479,35.7458313
Tusayan,Coconino,AZ,-112.126556,35.9735954
Cane,Coconino,AZ,-112.0037839,36.5677638
Pumpkin Center,Coconino,AZ,-111.9159947,35.4147281
Munds Park,Coconino,AZ,-111.6401551,34.945574
Tonalea,Coconino,AZ,-110.951144,36.3228528
Tolani Lake,Coconino,AZ,-110.844583,35.4347309
Canyon Diablo,Coconino,AZ,-111.117644,35.1627902
Sunrise,Coconino,AZ,-110.9902613,35.2978375
Grand Canyon Village,Coconino,AZ,-112.1406308,36.0545151
Wahweap,Coconino,AZ,-111.4905869,36.9924728
Indian Gardens,Coconino,AZ,-111.7271013,34.9139058
LeChee,Coconino,AZ,-111.446122,36.8615759
Hidden Springs Mission,Coconino,AZ,-111.394865,36.1891572
Tolchico,Coconino,AZ,-111.108676,35.3989866
Winona,Coconino,AZ,-111.4082096,35.2050122
Kachina Village,Coconino,AZ,-111.6926602,35.0969581
Parks,Coconino,AZ,-111.9485469,35.260615
Lakeview,Coconino,AZ,-111.4470936,34.9091874
Happy Jack,Coconino,AZ,-111.4093051,34.7428521
Corva,Coconino,AZ,-112.349341,35.2752884
Valle;Chevron,Coconino,AZ,-112.138521,35.6529566
Booze Crossing,Coconino,AZ,-112.6010302,36.8166537
Tuba City,Coconino,AZ,-111.240303,36.1355819
Cow Springs,Coconino,AZ,-110.8249822,36.4150031
Winslow West,Coconino,AZ,-110.7529145,35.0322421
Sherwood Forest Estates,Coconino,AZ,-112.0448866,35.2405676
Tempe Camp,Coconino,AZ,-111.4423713,34.9077985
Kaibeto,Coconino,AZ,-111.085311,36.5908925
Bitter Springs,Coconino,AZ,-111.656311,36.6246328
Mormon Lake,Coconino,AZ,-111.4632051,34.9083543
Moenave,Coconino,AZ,-111.337363,36.1386029
Leupp,Coconino,AZ,-111.006193,35.2982231
Rare Metals,Coconino,AZ,-111.136252,36.1494373
Moenkopi,Coconino,AZ,-111.222362,36.1111044
Stoneman Lake,Coconino,AZ,-111.5126495,34.7814099
Wolf Crossing,Coconino,AZ,-111.1051904,35.3936541
Page,Coconino,AZ,-111.457294,36.9148305
Old Leupp,Coconino,AZ,-110.9655255,35.282964
Daze,Coconino,AZ,-112.404343,35.2489002
Bird Springs,Coconino,AZ,-110.770514,35.3070062
Williams,Coconino,AZ,-112.1869481,35.2503394
Flagstaff,Coconino,AZ,-111.6518229,35.1987522
Bodaway Gap,Coconino,AZ,-111.460621,36.3039751
North Rim,Coconino,AZ,-112.0527079,36.1998553
Marble Canyon,Coconino,AZ,-111.637661,36.8155432
Supai,Coconino,AZ,-112.689549,36.2367074
Bellemont,Coconino,AZ,-111.8334974,35.2380657
Lechee,Coconino,AZ,-110.7529145,35.0322421
Maine,Coconino,AZ,-111.9384966,35.2530665
Cameron,Coconino,AZ,-111.411918,35.8740383
Willow Springs,Coconino,AZ,-111.3899265,36.185105
Forest Lakes Estates,Coconino,AZ,-110.7998477,34.3389284
Bishop Place,Coconino,AZ,-112.7229576,35.4602779
Mountainaire,Coconino,AZ,-111.6659925,35.0852924
Rose Well Camp,Coconino,AZ,-112.8752411,35.743976
Pilgrim Playground,Coconino,AZ,-111.4818172,34.9619657
Fredonia,Coconino,AZ,-112.526588,36.945542
Gray Mountain,Coconino,AZ,-111.473479,35.7458313
Tusayan,Coconino,AZ,-112.126556,35.9735954
Cane,Coconino,AZ,-112.0037839,36.5677638
Pumpkin Center,Coconino,AZ,-111.9159947,35.4147281
Munds Park,Coconino,AZ,-111.6401551,34.945574
Tonalea,Coconino,AZ,-110.951144,36.3228528
Tolani Lake,Coconino,AZ,-110.844583,35.4347309
Canyon Diablo,Coconino,AZ,-111.117644,35.1627902
Sunrise,Coconino,AZ,-110.9902613,35.2978375
Grand Canyon Village,Coconino,AZ,-112.1406308,36.0545151
Wahweap,Coconino,AZ,-111.4905869,36.9924728
Indian Gardens,Coconino,AZ,-111.7271013,34.9139058
LeChee,Coconino,AZ,-111.446122,36.8615759
Hidden Springs Mission,Coconino,AZ,-111.394865,36.1891572
Tolchico,Coconino,AZ,-111.108676,35.3989866
Winona,Coconino,AZ,-111.4082096,35.2050122
Kachina Village,Coconino,AZ,-111.6926602,35.0969581
Parks,Coconino,AZ,-111.9485469,35.260615
Lakeview,Coconino,AZ,-111.4470936,34.9091874
Happy Jack,Coconino,AZ,-111.4093051,34.7428521
Corva,Coconino,AZ,-112.349341,35.2752884
Valle Chevron,Coconino,AZ,-112.138521,35.6529566
Booze Crossing,Coconino,AZ,-112.6010302,36.8166537
Tuba City,Coconino,AZ,-111.240303,36.1355819
Cow Springs,Coconino,AZ,-110.8249822,36.4150031
Winslow West,Coconino,AZ,-110.7529145,35.0322421
Sherwood Forest Estates,Coconino,AZ,-112.0448866,35.2405676
Tempe Camp,Coconino,AZ,-111.4423713,34.9077985
Kaibeto,Coconino,AZ,-111.085311,36.5908925
Bitter Springs,Coconino,AZ,-111.656311,36.6246328
Mormon Lake,Coconino,AZ,-111.4632051,34.9083543
Moenave,Coconino,AZ,-111.337363,36.1386029
Leupp,Coconino,AZ,-111.006193,35.2982231
Rare Metals,Coconino,AZ,-111.136252,36.1494373
Moenkopi,Coconino,AZ,-111.222362,36.1111044
Stoneman Lake,Coconino,AZ,-111.5126495,34.7814099
Wolf Crossing,Coconino,AZ,-111.1051904,35.3936541
Page,Coconino,AZ,-111.457294,36.9148305
Old Leupp,Coconino,AZ,-110.9655255,35.282964
Daze,Coconino,AZ,-112.404343,35.2489002
Bird Springs,Coconino,AZ,-110.770514,35.3070062
Williams,Coconino,AZ,-112.1869481,35.2503394
Flagstaff,Coconino,AZ,-111.6518229,35.1987522
Bodaway Gap,Coconino,AZ,-111.460621,36.3039751
North Rim,Coconino,AZ,-112.0527079,36.1998553
Inscription House,Coconino,AZ,-110.7592676,36.6537826
Cedar Ridge,Coconino,AZ,-111.5229059,36.3929784
Coal Mine Mesa,Coconino,AZ,-111.03099,35.9912794
Béésh Biwooʼí,Coconino,AZ,-111.1485024,35.9171509
Black Falls,Coconino,AZ,-111.2691764,35.5684797
Black Falls,Coconino,AZ,-111.0962204,35.5754905
Tonto Estate,Gila,AZ,-111.0945763,34.3589229
Bonita Creek Estates,Gila,AZ,-111.2243011,34.3786425
Christmas,Gila,AZ,-110.7426052,33.0622863
Strawberry,Gila,AZ,-111.4952229,34.4068363
Globe,Gila,AZ,-110.787134,33.3959623
Central Heights,Gila,AZ,-110.8148328,33.412555
Pinal,Gila,AZ,-110.7537196,33.3761673
McMillianville,Gila,AZ,-110.6798301,33.5572752
Roosevelt Lake Gardens West,Gila,AZ,-111.3062422,33.8505995
Dehorn,Gila,AZ,-110.1795409,33.5269975
Sleepy Hollow,Gila,AZ,-110.9454367,34.2848792
Beaver Valley Estates,Gila,AZ,-111.2971863,34.3360676
La Cienega,Gila,AZ,-111.1756891,34.3733656
Washington Park,Gila,AZ,-111.2672041,34.4238521
Hunter Creek Ranch,Gila,AZ,-111.0112406,34.3042039
Whispering Pines,Gila,AZ,-111.2834692,34.3711421
Cedar Creek,Gila,AZ,-110.1737157,33.8956044
Inspiration,Gila,AZ,-110.8834459,33.4125545
Lower Miami,Gila,AZ,-110.8556673,33.4067216
Verde Glen,Gila,AZ,-111.2706913,34.3972525
Freedom Acres,Gila,AZ,-111.3004135,34.3172549
Geronimo Estates,Gila,AZ,-111.358749,34.366975
Roosevelt,Gila,AZ,-111.1342893,33.6675484
Jakes Corner,Gila,AZ,-111.3192999,34.0105961
Aztec Lodge,Gila,AZ,-110.9690078,33.8450469
Cedar Creek Crossing,Gila,AZ,-110.2012154,33.8653272
Little Acres,Gila,AZ,-110.820944,33.3947776
Pine,Gila,AZ,-111.4555672,34.3842741
Copper Hill,Gila,AZ,-110.7645536,33.4303327
Fort McDonald,Gila,AZ,-111.3481918,34.2350348
Rocky Junction,Gila,AZ,-110.2489858,33.4775536
Mesa Del Caballo,Gila,AZ,-111.2951352,34.2855894
Ponderosa Spring Subdivision,Gila,AZ,-110.8898944,34.2655893
Peridot,Gila,AZ,-110.4524908,33.2997689
Mountain Meadow,Gila,AZ,-111.0062408,34.3228144
Wonder Valley,Gila,AZ,-111.2920799,34.3175327
Carrizo,Gila,AZ,-110.2858351,33.9938795
Christopher Creek,Gila,AZ,-111.011732,34.3208642
Gallups,Gila,AZ,-111.1865193,34.0786514
Dimario Place,Gila,AZ,-110.8170548,33.3778336
Sawmill,Gila,AZ,-110.3964911,33.6181083
Lakeview Trailer Park,Gila,AZ,-111.1342893,33.6647706
Rancho Del Escondido,Gila,AZ,-111.2934643,33.8667104
Young,Gila,AZ,-110.9637358,34.1014318
Hayden,Gila,AZ,-110.7853836,33.0047879
Gisela,Gila,AZ,-111.2798554,34.1017053
Diamond Point Summer Homes,Gila,AZ,-111.190411,34.3297558
Roosevelt Lake Estates,Gila,AZ,-111.0034505,33.6222719
Colcord Mountain Estates,Gila,AZ,-110.9009598,34.2639293
Roosevelt Resort,Gila,AZ,-110.9998392,33.601439
See Canyon Summer Homes,Gila,AZ,-111.0056852,34.3244809
Roosevelt Lake Gardens East,Gila,AZ,-111.2704075,33.8189339
Rose Creek Lodge,Gila,AZ,-110.9781745,33.8342136
Bear Canyon Junction,Gila,AZ,-110.3942677,33.5364427
Midland City,Gila,AZ,-110.8242775,33.4119993
Fort Apache Junction,Gila,AZ,-110.0017657,33.7897734
Riverside Acres,Gila,AZ,-111.3045754,33.8453218
Christopher Creek,Gila,AZ,-111.0170742,34.3153145
Dagger,Gila,AZ,-110.8131677,33.6944948
Ellison Creek Estates,Gila,AZ,-111.1843002,34.3603104
Bear Flat,Gila,AZ,-111.0676304,34.2930923
Punkin Center,Gila,AZ,-111.313187,33.8722656
Government Hill,Gila,AZ,-111.1503392,33.674982
Miami,Gila,AZ,-110.87095,33.3994776
Coolidge Dam,Gila,AZ,-110.5264886,33.1820052
Tucker,Gila,AZ,-110.6073291,33.6408855
Black River Crossing,Gila,AZ,-110.2117674,33.7128295
Star Valley,Gila,AZ,-111.2613523,34.2540333
Burch,Gila,AZ,-110.8320557,33.443943
Seneca,Gila,AZ,-110.512884,33.7567174
Willow,Gila,AZ,-110.9784501,33.7147708
Spurlock,Gila,AZ,-111.0323495,34.1483742
Ellison Creek Summer Homes,Gila,AZ,-111.198467,34.349755
Miami Gardens,Gila,AZ,-110.8284443,33.4103327
Chrysotile,Gila,AZ,-110.5667737,33.7403286
Payson,Gila,AZ,-111.3230261,34.2406479
Bellevue,Gila,AZ,-110.9434472,33.3320006
Claypool,Gila,AZ,-110.8426113,33.4111659
Radium,Gila,AZ,-110.8245556,33.4503318
Cutter,Gila,AZ,-110.6526053,33.3528348
Canyon Day,Gila,AZ,-110.026488,33.7847735
Rye,Gila,AZ,-111.3536998,34.1057754
San Carlos,Gila,AZ,-110.454597,33.3507266
Mountain Meadows,Gila,AZ,-111.011241,34.3297585
Winkelman,Gila,AZ,-110.7709387,32.9875659
Tonto Basin,Gila,AZ,-111.294575,33.8317111
Flowing Springs,Gila,AZ,-111.3345811,34.3153103
Grapevine,Gila,AZ,-111.0490079,33.6511602
Coffeepot,Gila,AZ,-111.1867967,34.0394856
Young,Gila,AZ,-110.9231781,34.1327069
Schultze Ranch,Gila,AZ,-110.9166379,33.3743682
North Bay Estates,Gila,AZ,-111.2484813,33.7995129
Thompson Draw  Summer Homes Unit #1,Gila,AZ,-111.1028861,34.3046794
Rim Trail Mountain Club Estates,Gila,AZ,-111.2657976,34.4126454
Natches,Graham,AZ,-110.3000928,33.2108909
Klondyke,Graham,AZ,-110.3323118,32.8353435
Sunset,Graham,AZ,-110.2073049,32.5239605
Emery,Graham,AZ,-110.0170288,33.069781
Bylas,Graham,AZ,-110.125087,33.1386688
Calva,Graham,AZ,-110.1864783,33.1806128
Geronimo,Graham,AZ,-110.0350848,33.0770031
Ellison Place,Graham,AZ,-110.315647,33.0097834
Aravaipa,Graham,AZ,-110.3558694,32.9574907
Point of Pines,Graham,AZ,-109.7514749,33.3658891
Sanchez,Graham,AZ,-109.5428536,32.8695085
Lone Star,Graham,AZ,-109.6811904,32.8164549
Glenbar,Graham,AZ,-109.8581374,32.9167304
Fort Thomas,Graham,AZ,-109.9653612,33.0370042
Dublin,Graham,AZ,-109.8342483,32.8961754
Artesia,Graham,AZ,-109.7075779,32.6981232
Hollywood,Graham,AZ,-109.6834127,32.8295101
Old Columbine,Graham,AZ,-109.9095243,32.7072908
Solomon,Graham,AZ,-109.629582,32.8139559
Eden,Graham,AZ,-109.8953601,32.9611733
Gripe,Graham,AZ,-109.6020214,32.8125656
Cork,Graham,AZ,-109.9186936,32.9570066
Cactus Flat,Graham,AZ,-109.7158884,32.7584298
Thatcher,Graham,AZ,-109.759247,32.8492323
Pima,Graham,AZ,-109.8275815,32.8961755
Ashurst,Graham,AZ,-109.932305,32.984228
Swift Trail Junction,Graham,AZ,-109.7139681,32.7297898
Kimball,Graham,AZ,-109.7753591,32.8961756
Graham,Graham,AZ,-109.7406365,32.875065
Lebanon,Graham,AZ,-109.7161911,32.7453454
Bryce,Graham,AZ,-109.8278595,32.9289524
Bonita,Graham,AZ,-109.969244,32.5897921
San Jose,Graham,AZ,-109.5897074,32.8202331
Indian Hot Springs,Graham,AZ,-109.9006382,32.9983944
Turkey Flat,Graham,AZ,-109.8211883,32.6309014
Safford,Graham,AZ,-109.70758,32.8339546
Central,Graham,AZ,-109.7928591,32.8675652
Buena Vista,Graham,AZ,-109.5620205,32.8436758
Spur Cross,Greenlee,AZ,-109.4578553,33.1833948
Hannagan Meadow,Greenlee,AZ,-109.3272412,33.6396386
Aragon Place,Greenlee,AZ,-109.357572,32.9722856
Granville,Greenlee,AZ,-109.3825756,33.1889507
Carlton Vista,Greenlee,AZ,-109.1531305,33.703387
Clifton,Greenlee,AZ,-109.2961826,33.0508966
Franklin,Greenlee,AZ,-109.0792285,32.6775723
Sprucedale,Greenlee,AZ,-109.3270253,33.7403302
Fox,Greenlee,AZ,-109.1383973,32.7431257
York,Greenlee,AZ,-109.2028447,32.8936777
Three Way,Greenlee,AZ,-109.2304726,32.9474443
Blue,Greenlee,AZ,-109.1067396,33.6100552
Cleaveland,Greenlee,AZ,-109.2811902,33.7217196
Apache Grove,Greenlee,AZ,-109.1903441,32.8697894
Strayhorse,Greenlee,AZ,-109.3177577,33.5525136
Guthrie,Greenlee,AZ,-109.2531243,32.9461762
East Plantsite,Greenlee,AZ,-109.3186831,33.0470075
Maques Place,Greenlee,AZ,-109.3664612,32.9758966
Blue Vista,Greenlee,AZ,-109.0831278,33.6192219
Charlie Moore Place,Greenlee,AZ,-109.0470131,33.389782
Sheldon,Greenlee,AZ,-109.1722877,32.8147905
Whispering Pines,Greenlee,AZ,-109.0561834,33.7303314
Duncan,Greenlee,AZ,-109.1004486,32.7151776
Plantsite,Greenlee,AZ,-109.3325724,33.0564518
Morenci,Greenlee,AZ,-109.32598,33.0512895
Bush Pit,La Paz,AZ,-113.7693792,33.7514189
Nortons Landing,La Paz,AZ,-114.644122,33.0505948
Salome,La Paz,AZ,-113.6146517,33.7811416
Harcuvar,La Paz,AZ,-113.6532641,33.7600307
Midway,La Paz,AZ,-113.8866051,34.0705772
Quartzsite,La Paz,AZ,-114.2168101,33.6669903
New Hope,La Paz,AZ,-113.7677108,33.630587
Cibola,La Paz,AZ,-114.664957,33.3164215
Desert Wells,La Paz,AZ,-113.8216025,33.7083633
Nommel Place,La Paz,AZ,-114.6871794,33.0822607
Hope,La Paz,AZ,-113.7029016,33.7235814
Cienega Springs,La Paz,AZ,-114.2246714,34.1886271
Centennial,La Paz,AZ,-113.3521403,33.5694795
Vicksburg Junction,La Paz,AZ,-113.7673228,33.7184078
Planet,La Paz,AZ,-113.9488158,34.2481371
Plomosa,La Paz,AZ,-114.1179997,33.6341943
Vicksburg,La Paz,AZ,-113.7521564,33.7444747
Morgantown,La Paz,AZ,-114.4380081,33.6269689
Love,La Paz,AZ,-113.4657577,33.8522523
Utting,La Paz,AZ,-113.8868829,33.8389157
McVay,La Paz,AZ,-113.838826,33.803917
Bouse,La Paz,AZ,-114.0057748,33.9325235
Bluewater,La Paz,AZ,-114.2649504,34.1686271
La Paz Valley,La Paz,AZ,-114.2418914,33.5769712
Ehrenberg,La Paz,AZ,-114.5252301,33.6041977
Brenda,La Paz,AZ,-113.9445832,33.6796243
Wenden,La Paz,AZ,-113.5415936,33.8225302
Swansea,La Paz,AZ,-113.8433359,34.1694526
Pioneer,La Paz,AZ,-113.8952157,33.691974
Parker,La Paz,AZ,-114.28896,34.1498408
Poston,La Paz,AZ,-114.3963424,33.9905733
Cibola,La Paz,AZ,-114.6659991,33.3758167
San Lucy Village,Maricopa,AZ,-112.717942,32.9639344
Piedra,Maricopa,AZ,-112.9854509,32.9047709
Chiulikam,Maricopa,AZ,-112.52598,32.5744988
Sunflower,Maricopa,AZ,-111.4676349,33.8642086
Shawmut,Maricopa,AZ,-112.5037678,32.9969882
Fountain Hills,Maricopa,AZ,-111.717361,33.6117105
Sentinel,Maricopa,AZ,-113.2132371,32.8581047
Estrella,Maricopa,AZ,-112.4173758,33.0011565
Fennemore,Maricopa,AZ,-112.4273852,33.5703167
Tempe,Maricopa,AZ,-111.9400091,33.4255056
Gilbert,Maricopa,AZ,-111.7890373,33.3527632
Paradise Valley,Maricopa,AZ,-111.9505123,33.5324295
Rio Verde,Maricopa,AZ,-111.6782566,33.7233612
Komatke,Maricopa,AZ,-112.175438,33.2933848
Theba,Maricopa,AZ,-112.8928202,32.9189444
Fort McDowell,Maricopa,AZ,-111.6745826,33.6367105
Webb,Maricopa,AZ,-112.3671047,33.5525397
Montezuma,Maricopa,AZ,-113.2229623,33.0758783
Forepaugh,Maricopa,AZ,-113.046298,33.9714171
Waddell,Maricopa,AZ,-112.4271084,33.6114269
Circle City,Maricopa,AZ,-112.5813943,33.8149485
Saddle,Maricopa,AZ,-113.0801805,33.1578217
Salt River,Maricopa,AZ,-111.8640311,33.4667115
Gila Crossing,Maricopa,AZ,-112.166487,33.2768465
Harqua,Maricopa,AZ,-112.9990676,33.2430983
Youngtown,Maricopa,AZ,-112.3033265,33.5937302
Crag,Maricopa,AZ,-112.9021207,33.3011532
Tortilla Flat,Maricopa,AZ,-111.3898523,33.5264365
Gladden,Maricopa,AZ,-113.299363,33.9025298
Midway,Maricopa,AZ,-112.8551604,32.6336641
El Mirage,Maricopa,AZ,-112.3244866,33.6130338
Scottsdale,Maricopa,AZ,-111.9260184,33.4942189
Aguila,Maricopa,AZ,-113.1704027,33.943591
Point of Rocks,Maricopa,AZ,-112.7579443,32.9939341
Matthie,Maricopa,AZ,-112.8090688,33.9944735
Carefree,Maricopa,AZ,-111.918203,33.8222611
Queen Creek,Maricopa,AZ,-111.634158,33.2483858
Ambrosia Mill,Maricopa,AZ,-113.1824134,33.7997543
Sun City West,Maricopa,AZ,-112.3412695,33.6619813
Road Junction Windmill,Maricopa,AZ,-111.956012,34.0104214
Smurr,Maricopa,AZ,-112.8212787,32.928658
Gillespie,Maricopa,AZ,-112.9812896,33.2617092
Anthem,Maricopa,AZ,-112.1254665,33.8613328
Horse Mesa,Maricopa,AZ,-111.3554072,33.583103
Phoenix,Maricopa,AZ,-112.074141,33.4484367
Cave Creek,Maricopa,AZ,-111.950833,33.8333333
Papago,Maricopa,AZ,-113.1390708,33.1042115
Rocky Point,Maricopa,AZ,-112.8482119,32.5336665
Tonopah,Maricopa,AZ,-112.9369055,33.4938042
Gila Bend,Maricopa,AZ,-112.7168239,32.9478267
Citrus Park,Maricopa,AZ,-112.444329,33.5486504
Mesa,Maricopa,AZ,-111.8314792,33.4151117
Maricopa Village,Maricopa,AZ,-112.237652,33.3714331
Bosque,Maricopa,AZ,-112.5982151,32.9664337
Freeman,Maricopa,AZ,-112.2965348,32.8458823
Glendale,Maricopa,AZ,-112.1859941,33.5386858
Guadalupe,Maricopa,AZ,-111.9625328,33.3631249
Surprise,Maricopa,AZ,-112.3680189,33.6292271
Wickenburg,Maricopa,AZ,-112.730135,33.9680962
Morristown,Maricopa,AZ,-112.623296,33.8569817
Sundad,Maricopa,AZ,-113.2360194,33.1814316
New River,Maricopa,AZ,-112.1359906,33.9158687
Rainbow Valley,Maricopa,AZ,-112.3871008,33.2319897
Sun City,Maricopa,AZ,-112.2819337,33.6290111
Camel,Maricopa,AZ,-113.2771306,33.0500453
Lone Butte Ranch,Maricopa,AZ,-112.0470891,33.2325488
Co-op Village,Maricopa,AZ,-112.207929,33.3364341
Moivayi,Maricopa,AZ,-112.458756,32.5633884
Kaka,Maricopa,AZ,-112.3182724,32.5122453
Litchfield Park,Maricopa,AZ,-112.358124,33.4933796
Sun Lakes,Maricopa,AZ,-111.875416,33.2111623
Tartron,Maricopa,AZ,-113.0998994,32.8789379
Liberty,Maricopa,AZ,-112.485162,33.3778817
Perryville,Maricopa,AZ,-112.4611401,33.4359628
Palo Verde,Maricopa,AZ,-112.6774657,33.3487145
Hassayampa,Maricopa,AZ,-112.7252412,33.3482754
Litchfield,Maricopa,AZ,-112.3552894,33.4268077
Arlington,Maricopa,AZ,-112.7639562,33.3252078
Tolleson,Maricopa,AZ,-112.259309,33.4500497
Avondale,Maricopa,AZ,-112.349602,33.4355977
Goodyear,Maricopa,AZ,-112.3576,33.4353672
Wintersburg,Maricopa,AZ,-112.8680151,33.4244571
Stanwix,Maricopa,AZ,-113.3229678,32.8397698
Chandler,Maricopa,AZ,-111.84125,33.3061605
Peoria,Maricopa,AZ,-112.237294,33.5806115
Wittmann,Maricopa,AZ,-112.5297624,33.7782918
Tartesso,Maricopa,AZ,-112.696057,33.4897278
Verrado,Maricopa,AZ,-112.512788,33.4957229
Mobile,Maricopa,AZ,-112.2704579,33.0579792
Bethany Heights,Maricopa,AZ,-112.1585123,33.5229868
Buckeye,Maricopa,AZ,-112.583776,33.3703197
Desert Hills,Maricopa,AZ,-112.1282941,33.8130434
Moccasin,Mohave,AZ,-112.7567103,36.9091184
Kingman,Mohave,AZ,-114.0530065,35.189443
Cerbat,Mohave,AZ,-114.139676,35.3030512
Hilltop,Mohave,AZ,-114.0249503,35.2080534
Crozier,Mohave,AZ,-113.6490287,35.4249939
Cane Beds,Mohave,AZ,-112.8943777,36.9463736
Harris,Mohave,AZ,-114.0838407,35.136945
Lake Havasu City,Mohave,AZ,-114.3224495,34.4838502
Kaibab,Mohave,AZ,-112.7418119,36.8969083
Littlefield,Mohave,AZ,-113.9296876,36.8871992
Fivemile Landing,Mohave,AZ,-114.5057953,34.7952835
Greenwood,Mohave,AZ,-113.5946546,34.507794
Mohave Valley,Mohave,AZ,-114.589433,34.9827252
Drake,Mohave,AZ,-114.1215537,35.0398282
Mount Trumbull,Mohave,AZ,-113.3254964,36.4119253
Sixmile Village,Mohave,AZ,-112.5788133,36.9649859
Stockton,Mohave,AZ,-114.0899527,35.3094396
McConnico,Mohave,AZ,-114.0935631,35.1438892
Athos,Mohave,AZ,-114.1393969,34.9500057
Colorado City,Mohave,AZ,-112.97577,36.9902621
Yucca,Mohave,AZ,-114.1498589,34.8726671
Jops Landing,Mohave,AZ,-114.3652343,34.5438999
Wikieup,Mohave,AZ,-113.6113242,34.7033462
Oak Grove,Mohave,AZ,-113.583829,36.1527614
Rock Crossing,Mohave,AZ,-113.3418953,36.7260944
Truxton,Mohave,AZ,-113.563551,35.4849925
Signal,Mohave,AZ,-113.6338223,34.4741831
Tuweep,Mohave,AZ,-113.0667751,36.4159403
Bullhead City,Mohave,AZ,-114.568298,35.1477774
Powell,Mohave,AZ,-114.3769024,34.7372295
Mojave City,Mohave,AZ,-114.6230214,35.0444453
Mohave Crossing,Mohave,AZ,-114.5888563,35.3333294
Golden Valley,Mohave,AZ,-114.223013,35.2233329
Mesquite Creek,Mohave,AZ,-114.568575,34.9666691
Katherine,Mohave,AZ,-114.5619097,35.2222207
Larneds Landing,Mohave,AZ,-114.0521666,34.3083483
South Cove,Mohave,AZ,-114.0980174,36.0905415
Walapai,Mohave,AZ,-113.8841137,35.3444389
Catfish Paradise,Mohave,AZ,-114.4874615,34.7450067
Desert Hills,Mohave,AZ,-114.3724569,34.5538996
Willow Valley,Mohave,AZ,-114.6066314,34.9119475
Six Mile Crossing,Mohave,AZ,-113.3532582,34.5621628
Dolan Springs,Mohave,AZ,-114.273331,35.5919257
Griffith,Mohave,AZ,-114.1166191,35.0666697
Davis Dam,Mohave,AZ,-114.5663541,35.1799991
Oatman,Mohave,AZ,-114.3835698,35.0263915
Hackberry,Mohave,AZ,-113.7271643,35.3691614
Peach Springs,Mohave,AZ,-113.425319,35.52953
Nagles Crossing,Mohave,AZ,-112.5796425,36.8638757
Haviland,Mohave,AZ,-114.1771745,34.8022294
Grasshopper Junction,Mohave,AZ,-114.2596796,35.3969385
Antares,Mohave,AZ,-113.8085563,35.419715
Topock,Mohave,AZ,-114.483911,34.7186016
Franconia,Mohave,AZ,-114.2682879,34.7394521
Valentine,Mohave,AZ,-113.6577185,35.3874951
Mojave Ranch Estates,Mohave,AZ,-114.5907978,34.9427805
White Hills,Mohave,AZ,-114.3983438,35.7272489
Cedar,Mohave,AZ,-113.7943861,34.778621
Santa Claus,Mohave,AZ,-114.2163448,35.3366619
Arizona Village,Mohave,AZ,-114.5844085,34.8530598
Meadview,Mohave,AZ,-114.0682936,36.0022091
Chloride,Mohave,AZ,-114.1994006,35.4144379
Ray Place,Mohave,AZ,-114.0038441,35.8224896
Cyclopic,Mohave,AZ,-114.246073,35.7827678
Beaver Dam,Mohave,AZ,-113.9359348,36.8997989
Wolf Hole,Mohave,AZ,-113.5506186,36.755447
Temple Bar,Mohave,AZ,-114.323326,36.0324544
Desert Springs,Mohave,AZ,-113.905048,36.8976236
Scenic,Mohave,AZ,-114.007006,36.782334
Golden Shores,Mohave,AZ,-114.4778127,34.7819566
Willow Beach,Mohave,AZ,-114.6600654,35.8697801
Centennial Park,Mohave,AZ,-112.9830608,36.9586846
Woodruff,Navajo,AZ,-110.0428732,34.7815466
West Winslow,Navajo,AZ,-110.7423587,35.0402976
Mahtson-pi,Navajo,AZ,-110.6709714,35.9372245
Jeddito,Navajo,AZ,-110.136789,35.7744513
Winslow,Navajo,AZ,-110.6973463,35.0241984
Clearview Heights,Navajo,AZ,-110.1462321,34.9083593
Heber,Navajo,AZ,-110.593925,34.431205
Tees Toh,Navajo,AZ,-110.405686,35.4994544
Oraibi,Navajo,AZ,-110.640414,35.8763923
Joseph City,Navajo,AZ,-110.3339982,34.9558585
Kayenta,Navajo,AZ,-110.253872,36.7218463
Overgaard,Navajo,AZ,-110.5531791,34.3908717
Shungopavi,Navajo,AZ,-110.528932,35.8057126
Sun Valley,Navajo,AZ,-110.0547162,34.9832624
Mumurva,Navajo,AZ,-110.6893047,35.8841697
Mishongnovi,Navajo,AZ,-110.492633,35.8050053
Rosedale Heights,Navajo,AZ,-110.1534545,34.9091926
Hibbard,Navajo,AZ,-110.5209849,34.9730989
Buzzard Gulch Trailer Park,Navajo,AZ,-110.1517878,34.9191923
Bacavi,Navajo,AZ,-110.657644,35.9236366
Smoke Signal,Navajo,AZ,-110.045624,35.980819
Chilchinbeto,Navajo,AZ,-110.08061,36.5285341
Kokopnyama,Navajo,AZ,-110.1254006,35.7802847
Cibecue,Navajo,AZ,-110.48539,34.0447693
Pivahn-hon-kya-pi,Navajo,AZ,-110.6995828,35.8894473
Shumway,Navajo,AZ,-110.0728917,34.4061497
Sichomovi,Navajo,AZ,-110.394385,35.8354543
Cedar Springs,Navajo,AZ,-110.364296,35.4516778
Arntz,Navajo,AZ,-110.0426187,34.935859
Taylor,Navajo,AZ,-110.0916551,34.4647338
Kawaika-A,Navajo,AZ,-110.2241139,35.7450139
Pinedale,Navajo,AZ,-110.2515054,34.3075397
Show Low,Navajo,AZ,-110.029832,34.2542084
Baby Rocks,Navajo,AZ,-110.009009,36.7752789
Keams Canyon,Navajo,AZ,-110.195125,35.8125061
Burton,Navajo,AZ,-110.1478923,34.3322619
Snowflake,Navajo,AZ,-110.079608,34.5114704
Penzance,Navajo,AZ,-110.2548154,34.9054521
Zeniff,Navajo,AZ,-110.3781789,34.5772558
Linden,Navajo,AZ,-110.1574232,34.2859846
Wepo Village,Navajo,AZ,-110.3740198,35.8933372
Dilkon,Navajo,AZ,-110.31902,35.3845367
Aponi-vi,Navajo,AZ,-110.7140274,35.8813918
Cibecue Creek,Navajo,AZ,-110.5031707,34.0964348
Grasshopper,Navajo,AZ,-110.6303945,34.0756021
Aripine,Navajo,AZ,-110.4305798,34.4083623
Shipaulovi,Navajo,AZ,-110.496124,35.808506
White Cone,Navajo,AZ,-110.068177,35.6052871
Clay Springs,Navajo,AZ,-110.2953961,34.3617055
Kykotsmovi,Navajo,AZ,-110.619002,35.8766568
Chakpahu,Navajo,AZ,-110.17298,35.7640821
Indian Wells,Navajo,AZ,-110.0819053,35.3986073
Walpi,Navajo,AZ,-110.398066,35.8324679
Hano,Navajo,AZ,-110.392207,35.8372635
Pinon,Navajo,AZ,-110.221757,36.1012418
Bushman Acres,Navajo,AZ,-110.6797751,35.0239207
Polacca,Navajo,AZ,-110.381519,35.8366716
Na Ah Tee,Navajo,AZ,-110.144569,35.4902886
Castle Butte,Navajo,AZ,-110.34874,35.3047362
Huk Ovi,Navajo,AZ,-110.687638,35.8916696
Hotevilla-Bacavi,Navajo,AZ,-110.6648113,35.9201312
Nesuftanga,Navajo,AZ,-110.1412346,35.7802846
Toreva,Navajo,AZ,-110.497507,35.8039284
Bidahochi,Navajo,AZ,-110.061789,35.4102905
Hotevilla,Navajo,AZ,-110.671333,35.9275987
Low Mountain,Navajo,AZ,-110.112074,35.9414881
Holbrook,Navajo,AZ,-110.159316,34.9037063
Pink Arrow,Navajo,AZ,-110.1573462,35.7769512
Tsegi,Navajo,AZ,-110.4288846,36.6503447
Lisitzky Subdivision,Navajo,AZ,-110.1365098,34.9280811
Seba Dalkai,Navajo,AZ,-110.448465,35.4994543
Tewa,Navajo,AZ,-110.3840199,35.8555602
Bell,Navajo,AZ,-109.9148296,34.272264
Ubank Place,Navajo,AZ,-109.9515056,34.9108601
Indian Pine,Navajo,AZ,-109.905381,34.080045
Lake of the Woods,Navajo,AZ,-109.9895522,34.1639323
White Mountain Lakes Estates,Navajo,AZ,-109.9959446,34.3553177
Sevenmile,Navajo,AZ,-109.9567649,33.785329
Silver Creek,Navajo,AZ,-109.9495541,34.3400403
Lakeside,Navajo,AZ,-109.9734405,34.154488
Pinetop,Navajo,AZ,-109.9376056,34.1258775
Greasewood,Navajo,AZ,-109.857338,35.5225125
Sponseller,Navajo,AZ,-109.8873275,34.1964322
Goodwater,Navajo,AZ,-109.9448401,34.991969
Twin Buttes,Navajo,AZ,-109.904006,35.4352914
Whiteriver,Navajo,AZ,-109.964266,33.8369944
Fort Apache,Navajo,AZ,-109.98871,33.7906068
Headquarters,Navajo,AZ,-109.8642015,34.8156222
Pinetop-Lakeside,Navajo,AZ,-109.9603843,34.1425438
East Fork,Navajo,AZ,-109.9377221,33.8002938
Hard Rock,Navajo,AZ,-110.508038,36.0375071
Sierra Plaza subdivision,Navajo,AZ,-110.1655607,34.9122319
Manila,Navajo,AZ,-110.4137726,34.9654337
Amos Ranch,Navajo,AZ,-109.995668,34.0906531
Jackrabbit,Navajo,AZ,-110.4362405,34.9682627
Woodruff,Navajo,AZ,-110.0428732,34.7815466
West Winslow,Navajo,AZ,-110.7423587,35.0402976
Mahtson-pi,Navajo,AZ,-110.6709714,35.9372245
Jeddito,Navajo,AZ,-110.136789,35.7744513
Winslow,Navajo,AZ,-110.6973463,35.0241984
Clearview Heights,Navajo,AZ,-110.1462321,34.9083593
Heber,Navajo,AZ,-110.593925,34.431205
Tees Toh,Navajo,AZ,-110.405686,35.4994544
Oraibi,Navajo,AZ,-110.640414,35.8763923
Joseph City,Navajo,AZ,-110.3339982,34.9558585
Kayenta,Navajo,AZ,-110.253872,36.7218463
Overgaard,Navajo,AZ,-110.5531791,34.3908717
Shungopavi,Navajo,AZ,-110.528932,35.8057126
Sun Valley,Navajo,AZ,-110.0547162,34.9832624
Mumurva,Navajo,AZ,-110.6893047,35.8841697
Mishongnovi,Navajo,AZ,-110.492633,35.8050053
Rosedale Heights,Navajo,AZ,-110.1534545,34.9091926
Hibbard,Navajo,AZ,-110.5209849,34.9730989
Buzzard Gulch Trailer Park,Navajo,AZ,-110.1517878,34.9191923
Bacavi,Navajo,AZ,-110.657644,35.9236366
Smoke Signal,Navajo,AZ,-110.045624,35.980819
Chilchinbeto,Navajo,AZ,-110.08061,36.5285341
Kokopnyama,Navajo,AZ,-110.1254006,35.7802847
Cibecue,Navajo,AZ,-110.48539,34.0447693
Pivahn-hon-kya-pi,Navajo,AZ,-110.6995828,35.8894473
Shumway,Navajo,AZ,-110.0728917,34.4061497
Sichomovi,Navajo,AZ,-110.394385,35.8354543
Cedar Springs,Navajo,AZ,-110.364296,35.4516778
Arntz,Navajo,AZ,-110.0426187,34.935859
Taylor,Navajo,AZ,-110.0916551,34.4647338
Kawaika-A,Navajo,AZ,-110.2241139,35.7450139
Pinedale,Navajo,AZ,-110.2515054,34.3075397
Show Low,Navajo,AZ,-110.029832,34.2542084
Baby Rocks,Navajo,AZ,-110.009009,36.7752789
Keams Canyon,Navajo,AZ,-110.195125,35.8125061
Burton,Navajo,AZ,-110.1478923,34.3322619
Snowflake,Navajo,AZ,-110.079608,34.5114704
Penzance,Navajo,AZ,-110.2548154,34.9054521
Zeniff,Navajo,AZ,-110.3781789,34.5772558
Linden,Navajo,AZ,-110.1574232,34.2859846
Wepo Village,Navajo,AZ,-110.3740198,35.8933372
Dilkon,Navajo,AZ,-110.31902,35.3845367
Aponi-vi,Navajo,AZ,-110.7140274,35.8813918
Cibecue Creek,Navajo,AZ,-110.5031707,34.0964348
Grasshopper,Navajo,AZ,-110.6303945,34.0756021
Aripine,Navajo,AZ,-110.4305798,34.4083623
Shipaulovi,Navajo,AZ,-110.496124,35.808506
White Cone,Navajo,AZ,-110.068177,35.6052871
Clay Springs,Navajo,AZ,-110.2953961,34.3617055
Kykotsmovi,Navajo,AZ,-110.619002,35.8766568
Chakpahu,Navajo,AZ,-110.17298,35.7640821
Indian Wells,Navajo,AZ,-110.0819053,35.3986073
Walpi,Navajo,AZ,-110.398066,35.8324679
Hano,Navajo,AZ,-110.392207,35.8372635
Pinon,Navajo,AZ,-110.221757,36.1012418
Bushman Acres,Navajo,AZ,-110.6797751,35.0239207
Polacca,Navajo,AZ,-110.381519,35.8366716
Na Ah Tee,Navajo,AZ,-110.144569,35.4902886
Castle Butte,Navajo,AZ,-110.34874,35.3047362
Huk Ovi,Navajo,AZ,-110.687638,35.8916696
Hotevilla-Bacavi,Navajo,AZ,-110.6648113,35.9201312
Nesuftanga,Navajo,AZ,-110.1412346,35.7802846
Toreva,Navajo,AZ,-110.497507,35.8039284
Bidahochi,Navajo,AZ,-110.061789,35.4102905
Hotevilla,Navajo,AZ,-110.671333,35.9275987
Low Mountain,Navajo,AZ,-110.112074,35.9414881
Holbrook,Navajo,AZ,-110.159316,34.9037063
Pink Arrow,Navajo,AZ,-110.1573462,35.7769512
Tsegi,Navajo,AZ,-110.4288846,36.6503447
Lisitzky Subdivision,Navajo,AZ,-110.1365098,34.9280811
Seba Dalkai,Navajo,AZ,-110.448465,35.4994543
Tewa,Navajo,AZ,-110.3840199,35.8555602
Bell,Navajo,AZ,-109.9148296,34.272264
Ubank Place,Navajo,AZ,-109.9515056,34.9108601
Indian Pine,Navajo,AZ,-109.905381,34.080045
Lake of the Woods,Navajo,AZ,-109.9895522,34.1639323
White Mountain Lakes Estates,Navajo,AZ,-109.9959446,34.3553177
Sevenmile,Navajo,AZ,-109.9567649,33.785329
Silver Creek,Navajo,AZ,-109.9495541,34.3400403
Lakeside,Navajo,AZ,-109.9734405,34.154488
Pinetop,Navajo,AZ,-109.9376056,34.1258775
Greasewood,Navajo,AZ,-109.857338,35.5225125
Sponseller,Navajo,AZ,-109.8873275,34.1964322
Goodwater,Navajo,AZ,-109.9448401,34.991969
Twin Buttes,Navajo,AZ,-109.904006,35.4352914
Whiteriver,Navajo,AZ,-109.964266,33.8369944
Fort Apache,Navajo,AZ,-109.98871,33.7906068
Headquarters,Navajo,AZ,-109.8642015,34.8156222
Pinetop-Lakeside,Navajo,AZ,-109.9603843,34.1425438
East Fork,Navajo,AZ,-109.9377221,33.8002938
Hard Rock,Navajo,AZ,-110.508038,36.0375071
Sierra Plaza subdivision,Navajo,AZ,-110.1655607,34.9122319
Manila,Navajo,AZ,-110.4137726,34.9654337
Amos Ranch,Navajo,AZ,-109.995668,34.0906531
Jackrabbit,Navajo,AZ,-110.4362405,34.9682627
Spider Mound,Navajo,AZ,-110.0934204,35.6954912
Whippoorwill Springs,Navajo,AZ,-110.0789989,36.0312472
Forest Lake,Navajo,AZ,-110.3060733,36.2921849
Black Mesa,Navajo,AZ,-110.0585275,36.3452363
Rocky Ridge,Navajo,AZ,-110.5992523,36.0624155
Naadą́ą́ʼ Díílid,Navajo,AZ,-110.0759666,36.1952863
Oljato-Monument Valley,Navajo,AZ,-110.1825427,36.9974714
Willow Canyon,Pima,AZ,-110.6987011,32.3886863
Kino,Pima,AZ,-111.0620433,32.3347964
Wilmot,Pima,AZ,-110.8486005,32.1210293
Chukut Kuk,Pima,AZ,-112.1051272,31.7656362
Ko Vaya,Pima,AZ,-111.8959942,32.0768449
Ak Chin,Pima,AZ,-112.0090238,32.2875683
Arivaca Junction,Pima,AZ,-111.0612026,31.7273097
Stan Shuatuk,Pima,AZ,-112.3004115,31.7989674
Pascua Yaqui Indian Village,Pima,AZ,-110.9842591,32.2484089
Rolling Hills Country Club Estates,Pima,AZ,-110.8120303,32.2011879
Stotonyak,Pima,AZ,-112.3687495,32.1550673
Chukson,Pima,AZ,-111.7967876,31.9131333
Corona de Tucson,Pima,AZ,-110.7685377,31.959317
Peach Pu,Pima,AZ,-112.3170802,32.0609036
Quijotoa,Pima,AZ,-112.1381886,32.1272924
Haivan Vaya,Pima,AZ,-111.8734521,31.6098081
Chutum Vaya,Pima,AZ,-111.6467779,31.7164737
Pia Oik,Pima,AZ,-112.5418102,31.9467379
Soldier Camp,Pima,AZ,-110.7412048,32.4270202
Vail,Pima,AZ,-110.711909,32.0477416
Duval,Pima,AZ,-110.9581459,31.9317491
Summerhaven,Pima,AZ,-110.7605798,32.4447583
South Tucson,Pima,AZ,-110.9683439,32.1994951
Schuchk,Pima,AZ,-111.6831754,32.1211858
Nelson,Pima,AZ,-111.2695497,32.4289601
San Rafael,Pima,AZ,-112.0242912,31.7373038
Mexican Town,Pima,AZ,-112.8643733,32.3689674
Sandwash Mill,Pima,AZ,-111.4159348,31.4823136
Twin Buttes,Pima,AZ,-111.0606488,31.902583
Three Points,Pima,AZ,-111.3135302,32.0769339
Chiuli Shaik,Pima,AZ,-111.6467797,31.8286928
Newfield,Pima,AZ,-111.7334467,31.5475885
Sikort Chuapo,Pima,AZ,-112.6718132,32.3153383
Diamond Bell Ranch,Pima,AZ,-111.2823236,31.9734138
Kui Tatk,Pima,AZ,-112.0812408,32.0384057
Sells,Pima,AZ,-111.878044,31.9159161
Tatk Kam Vo,Pima,AZ,-112.343747,31.9900721
Continental,Pima,AZ,-110.9737375,31.8504584
Sikul Himatk,Pima,AZ,-112.0356865,32.1150713
Vaya Chin,Pima,AZ,-112.3268065,32.3472848
Helvetia,Pima,AZ,-110.7886959,31.8578622
Ak Chut Vaya,Pima,AZ,-111.8095615,31.6306414
Santa Lucia,Pima,AZ,-111.9495719,32.067295
Pimaco Two,Pima,AZ,-110.4525757,31.9506389
Uhs Kug,Pima,AZ,-111.5526114,31.9661898
Pan Tak,Pima,AZ,-111.5653907,32.0117441
Avra Valley,Pima,AZ,-111.315385,32.4378484
Tortolita,Pima,AZ,-111.0469402,32.4026062
Ventana,Pima,AZ,-112.2431958,32.4661714
Siovi Shuatak,Pima,AZ,-112.5982023,31.9509032
Piato Vaya,Pima,AZ,-112.1579093,32.0506273
Narcho Santos,Pima,AZ,-112.1417362,32.1456147
Wahak Hotrontk,Pima,AZ,-112.3826084,32.1839486
Green Valley,Pima,AZ,-110.9937019,31.8542511
Komak Wuacho,Pima,AZ,-112.3301382,32.2236769
Kom Vo,Pima,AZ,-112.3490248,31.9597952
Hoa Murk,Pima,AZ,-112.6673683,32.2797834
Drexel Heights,Pima,AZ,-111.0284428,32.1412491
Artesa,Pima,AZ,-111.8523443,31.8995221
Puertocito,Pima,AZ,-111.4970486,31.6098103
Secundino,Pima,AZ,-111.4428798,31.6939758
Chico Shunie,Pima,AZ,-112.9468249,32.3278362
Hotason Vo,Pima,AZ,-112.6048665,32.2464514
Sapano Vaya,Pima,AZ,-111.6628888,31.5970319
Gu Chuapo,Pima,AZ,-111.6645597,31.894524
Hashan Chuchg,Pima,AZ,-111.7728928,31.5673099
Lukeville,Pima,AZ,-112.8153361,31.8819798
Picture Rocks,Pima,AZ,-111.2183396,32.3279448
San Xavier,Pima,AZ,-111.0950951,31.9736921
Catalina,Pima,AZ,-110.9261464,32.4996147
Greaterville,Pima,AZ,-110.7500834,31.7639752
Ali Ak Chin,Pima,AZ,-112.540699,31.8581293
Tatkum Vo,Pima,AZ,-112.1237383,31.6681386
Picture Rocks,Pima,AZ,-111.2462146,32.3459069
Corner Windmill,Pima,AZ,-111.3217708,32.1189664
Vainom Kug,Pima,AZ,-112.0579071,32.046739
San Agustin,Pima,AZ,-111.8948416,31.6023081
Quinlin,Pima,AZ,-111.6065064,32.2561841
East Sahuarita,Pima,AZ,-110.9284326,31.9429968
Utevak,Pima,AZ,-111.7495607,31.7023065
Ali Chukson,Pima,AZ,-111.7992876,31.9136888
Rankin,Pima,AZ,-110.8381424,32.1428559
Sahuarita Heights,Pima,AZ,-110.9253671,31.9500821
Vakamok,Pima,AZ,-112.0309578,31.705638
Shaotkam,Pima,AZ,-112.4104156,31.7695224
Vopolo Havoka,Pima,AZ,-111.9242886,31.7592483
Ali Chuk,Pima,AZ,-112.5568109,31.8150745
Childs,Pima,AZ,-112.8434877,32.4528348
Emery Park,Pima,AZ,-110.9559244,32.1411889
Cowlic,Pima,AZ,-111.989013,31.8084129
Schuchuligk,Pima,AZ,-112.6882023,32.2222844
Vamori,Pima,AZ,-111.9053987,31.7211939
Oro Valley,Pima,AZ,-110.955317,32.4000525
New Tucson,Pima,AZ,-110.704527,31.9773043
Silver Bell,Pima,AZ,-111.5006693,32.3834038
Dobson,Pima,AZ,-111.292329,32.4734032
San Vicente,Pima,AZ,-111.6370607,32.0117433
Charco,Pima,AZ,-112.6059776,32.250618
Rowood,Pima,AZ,-112.845987,32.3683917
Ajo,Pima,AZ,-112.8645745,32.3771926
South Komelik,Pima,AZ,-111.772895,31.7223058
Kupk,Pima,AZ,-112.2137425,31.9236862
Arivaca,Pima,AZ,-111.3306751,31.5769832
Sahuarita,Pima,AZ,-110.9556645,31.9575305
Tucson,Pima,AZ,-110.9748477,32.2228765
Buenos Aires,Pima,AZ,-111.6573325,31.5212005
Mountain View,Pima,AZ,-110.6817486,32.0025816
Polvo,Pima,AZ,-110.9092025,32.1869817
Queens Well,Pima,AZ,-111.6334524,32.2675727
Kahachi Miliuk,Pima,AZ,-111.696504,31.802582
Ak Komelik,Pima,AZ,-112.2012411,31.7178594
Harrington Place,Pima,AZ,-110.546745,32.0425806
San Luis,Pima,AZ,-111.955128,32.0803504
Littletown,Pima,AZ,-110.8728658,32.1303561
Rillito,Pima,AZ,-111.1562145,32.4147944
Kuit Vaya,Pima,AZ,-111.680946,31.6784187
Las Guijas,Pima,AZ,-111.3820446,31.6703655
Pisinimo,Pima,AZ,-112.315135,32.0350711
Ahan Owuch,Pima,AZ,-112.3434709,32.1425679
Gu Vo,Pima,AZ,-112.5667415,32.0618408
Palo Verde Stand,Pima,AZ,-112.0329134,32.3364554
Topawa,Pima,AZ,-111.8257786,31.8140945
Why,Pima,AZ,-112.7387586,32.268672
Sweetwater,Pima,AZ,-112.5840348,31.9609032
Redington,Pima,AZ,-110.49314,32.4275718
Comobabi,Pima,AZ,-111.8001234,32.05813
Rincon,Pima,AZ,-111.9179047,32.0761841
Hickiwan,Pima,AZ,-112.47542,32.3689495
Anegam,Pima,AZ,-112.0309692,32.3728432
Chiawuli Tak,Pima,AZ,-111.7809543,31.9356327
Sasabe,Pima,AZ,-111.5420505,31.4887016
Stoa Pitk,Pima,AZ,-112.5168113,32.4850573
Choulic,Pima,AZ,-111.7767832,31.6673072
Papago Farms,Pima,AZ,-112.3090229,31.7859121
San Pedro,Pima,AZ,-111.4881656,32.0834101
Hali Murk,Pima,AZ,-112.2943008,32.0011832
Ali Molina,Pima,AZ,-111.7742868,31.9000783
Loma Linda,Pima,AZ,-110.7550954,32.4481316
Marana,Pima,AZ,-111.215709,32.4446988
Esmond,Pima,AZ,-110.7648065,32.0934127
Sivili Chuchg,Pima,AZ,-112.1606844,31.7442478
Santa Rosa,Pima,AZ,-112.0498291,32.3292287
Santa Cruz,Pima,AZ,-111.90707,32.0345181
Kom Kug,Pima,AZ,-111.6709449,31.6106428
Nawt Vaya,Pima,AZ,-111.4889985,32.0331334
Pitoikam,Pima,AZ,-111.6795589,31.811193
Robles Junction,Pima,AZ,-111.313539,32.0766725
Chuwut Murk,Pima,AZ,-112.1456849,31.8872987
Itak,Pima,AZ,-112.0070681,31.694805
Wickchoupai,Pima,AZ,-111.9217917,32.0039629
Summit,Pima,AZ,-110.9514796,32.0670238
Kuakatch,Pima,AZ,-112.662925,32.1375642
Haivana Nakya,Pima,AZ,-111.7107545,32.0024725
Maish Vaya,Pima,AZ,-112.1273561,32.1670139
Pantano,Pima,AZ,-110.5800789,31.9995262
Sil Nakya,Pima,AZ,-111.8165159,32.221739
San Miguel,Pima,AZ,-111.7806409,31.6168016
San Luis,Pima,AZ,-112.0409692,32.3467328
Nolic,Pima,AZ,-111.9526266,32.0353511
Kaihon Kug,Pima,AZ,-112.0795734,32.0161839
Viason Chin,Pima,AZ,-112.290412,32.0153496
Skoksonak,Pima,AZ,-111.5376144,32.2956279
Gu Oidak,Pima,AZ,-112.0434603,31.9217424
McGee Ranch,Pima,AZ,-111.1684643,31.895841
Hayhook Ranch,Pima,AZ,-111.4504549,32.0129684
Pascua Pueblo,Pima,AZ,-111.071054,32.1129662
San Xavier,Pima,AZ,-111.013981,32.1036996
Hortons Place,Pinal,AZ,-110.5837098,32.877844
Santan,Pinal,AZ,-111.7993025,33.1758862
Queen Valley,Pinal,AZ,-111.2895709,33.2986656
Wymola,Pinal,AZ,-111.4045595,32.6581232
Stanfield,Pinal,AZ,-111.9620805,32.8825532
Branaman,Pinal,AZ,-110.9117766,33.0514532
Mammoth,Pinal,AZ,-110.6406547,32.722568
Eloy,Pinal,AZ,-111.5534932,32.7551703
Cactus Forest,Pinal,AZ,-111.3198392,32.9600648
Copper Creek,Pinal,AZ,-110.4764825,32.7509008
Casa Blanca,Pinal,AZ,-111.8881936,33.1203303
Sacaton Flats,Pinal,AZ,-111.668463,33.070057
Heaton,Pinal,AZ,-112.1345897,33.0789383
Peters Corner,Pinal,AZ,-112.0487497,32.8758851
Arizona City,Pinal,AZ,-111.6709585,32.7558936
Kearny,Pinal,AZ,-110.9106656,33.0570085
Stotonic,Pinal,AZ,-111.7987985,33.1596034
Oracle,Pinal,AZ,-110.7651843,32.6099702
Coolidge,Pinal,AZ,-111.517624,32.977839
Florence,Pinal,AZ,-111.3873431,33.0314508
Bon,Pinal,AZ,-111.9084699,32.971443
Randolph,Pinal,AZ,-111.5148453,32.9170064
Sweetwater,Pinal,AZ,-111.840692,33.1319975
Sacate,Pinal,AZ,-112.0807005,33.1772712
Apache Junction,Pinal,AZ,-111.549577,33.4150485
Maricopa Wells,Pinal,AZ,-112.0840337,33.1619936
Burns,Pinal,AZ,-111.8343015,33.0128332
Enid,Pinal,AZ,-112.2018138,33.0725487
Borree Corner,Pinal,AZ,-111.5587364,32.9733939
Hayden Junction,Pinal,AZ,-110.8153845,33.0097877
San Manuel,Pinal,AZ,-110.6309289,32.5997933
Santa Cruz,Pinal,AZ,-112.17115,33.2282163
Barkerville,Pinal,AZ,-110.9453863,32.8317351
North Komelik,Pinal,AZ,-111.946523,32.5078406
Dudleyville,Pinal,AZ,-110.7224102,32.9165705
Adamsville,Pinal,AZ,-111.4420422,33.0127784
Cottonwood,Pinal,AZ,-111.700687,33.0739454
Bapchule,Pinal,AZ,-111.873193,33.1364413
Sif Vaya,Pinal,AZ,-112.1145826,32.618112
Youngberg,Pinal,AZ,-111.4873546,33.4589367
Kohatk,Pinal,AZ,-112.0039528,32.577254
Florence Junction,Pinal,AZ,-111.3370717,33.2594994
Chuichu,Pinal,AZ,-111.7876771,32.752457
Fordville,Pinal,AZ,-110.6942675,32.7045131
Shopishk,Pinal,AZ,-111.7813884,32.7203201
Oracle Junction,Pinal,AZ,-110.9336917,32.5542513
Upper Santan,Pinal,AZ,-111.7371091,33.1186446
Gold Camp,Pinal,AZ,-111.3042934,33.2936656
Eleven Mile Corner,Pinal,AZ,-111.5670685,32.8795058
Laguna,Pinal,AZ,-111.6292887,32.5872876
Tat Momoli,Pinal,AZ,-111.8831868,32.6042274
Friendly Corners,Pinal,AZ,-111.5509528,32.6178434
Tiger,Pinal,AZ,-110.6823227,32.7078463
La Palma,Pinal,AZ,-111.5151224,32.8792291
Blake Place,Pinal,AZ,-110.5223181,32.8075668
Valley Farms,Pinal,AZ,-111.447344,32.9883955
Oak Wells,Pinal,AZ,-110.9376079,32.7889579
Superior,Pinal,AZ,-111.0962305,33.293945
Kelvin,Pinal,AZ,-110.9734458,33.1114513
Sacaton,Pinal,AZ,-111.739299,33.0767226
Blackwater,Pinal,AZ,-111.5746848,33.0301916
Picacho,Pinal,AZ,-111.4953971,32.716176
Sombrero Butte,Pinal,AZ,-110.4823154,32.7261789
Troy,Pinal,AZ,-110.8992774,33.1436727
Ray Junction,Pinal,AZ,-110.9631677,33.1070069
Ak-Chin Village,Pinal,AZ,-112.074288,33.0278702
Price,Pinal,AZ,-111.232341,33.0956173
Toltec,Pinal,AZ,-111.6148463,32.7922834
Olberg,Pinal,AZ,-111.6862425,33.0922784
Casa Grande,Pinal,AZ,-111.757352,32.8795022
Top-of-the-World,Pinal,AZ,-110.9926154,33.3494998
Maricopa,Pinal,AZ,-112.0477554,33.058129
Arizola,Pinal,AZ,-111.7145203,32.8521243
Campo Bonito,Pinal,AZ,-110.7384326,32.5636848
Parsons Grove,Pinal,AZ,-110.4762055,32.824511
Chiapuk,Pinal,AZ,-112.1351387,32.5358924
Reymert,Pinal,AZ,-111.2092899,33.2297793
Ak Chin,Pinal,AZ,-112.0241868,32.9994678
Avra,Pinal,AZ,-111.3034422,32.5520137
Riverside,Pinal,AZ,-110.9592748,33.104448
Vaiva Vo,Pinal,AZ,-111.9257189,32.7152144
Red Rock,Pinal,AZ,-111.3396181,32.5692008
Magma,Pinal,AZ,-111.4992935,33.1317239
Lower Santan,Pinal,AZ,-111.7867437,33.1530189
San Tan Valley,Pinal,AZ,-111.5478925,33.1775233
Goodyear,Pinal,AZ,-111.8775666,33.1949046
Vahki,Pinal,AZ,-111.908307,33.1204089
Saddlebrooke,Pinal,AZ,-110.880573,32.5347527
Otero,Santa Cruz,AZ,-111.0146926,31.5307675
Trench Camp,Santa Cruz,AZ,-110.7292514,31.4645405
Amado,Santa Cruz,AZ,-111.0645359,31.7078658
Carmen,Santa Cruz,AZ,-111.0528682,31.5873127
Washington Camp,Santa Cruz,AZ,-110.6911944,31.3820435
Ruby,Santa Cruz,AZ,-111.2366592,31.46121
Canelo,Santa Cruz,AZ,-110.5145261,31.5428722
Lochiel,Santa Cruz,AZ,-110.6229786,31.3349006
Duquesne,Santa Cruz,AZ,-110.6853608,31.3709328
Calabasas,Santa Cruz,AZ,-110.9753657,31.4673163
Rio Rico,Santa Cruz,AZ,-110.9764769,31.4714828
Elgin,Santa Cruz,AZ,-110.5253565,31.6598128
Agua Linda,Santa Cruz,AZ,-111.0617579,31.6789775
Kino Springs,Santa Cruz,AZ,-110.8100846,31.3631549
Old Glory,Santa Cruz,AZ,-111.2537064,31.4342608
Oro Blanco,Santa Cruz,AZ,-111.2798188,31.4959252
Nogales,Santa Cruz,AZ,-110.9360818,31.3402134
Tumacacori,Santa Cruz,AZ,-111.0523126,31.568702
Beyerville,Santa Cruz,AZ,-110.8784194,31.3903757
Casa Piedra,Santa Cruz,AZ,-111.2506505,31.3892622
Sonoita,Santa Cruz,AZ,-110.655755,31.6793299
Tubac,Santa Cruz,AZ,-111.0459238,31.61259
Harshaw,Santa Cruz,AZ,-110.7052372,31.4659205
Alto,Santa Cruz,AZ,-110.8781425,31.6045352
Madera Canyon,Santa Cruz,AZ,-110.8747767,31.7150824
Hacienda Los Encino,Santa Cruz,AZ,-110.647304,31.6589789
Patagonia,Santa Cruz,AZ,-110.7539274,31.5402016
Reddells Ranch Acres,Yavapai,AZ,-111.8632071,34.5722467
Mint,Yavapai,AZ,-112.5723952,34.7028006
Crown King,Yavapai,AZ,-112.3384991,34.2055857
Black Canyon City,Yavapai,AZ,-112.1507149,34.0708665
Breezy Pines,Yavapai,AZ,-112.3546103,34.438915
Chino Valley,Yavapai,AZ,-112.45378,34.7575227
Glen Ilah,Yavapai,AZ,-112.7580445,34.2148853
Groom Creek,Yavapai,AZ,-112.4312792,34.4755807
Iron Springs,Yavapai,AZ,-112.5698948,34.584746
Apron Crossing,Yavapai,AZ,-113.0476903,34.483355
Dandrea,Yavapai,AZ,-112.3768333,34.3647494
McNary Place,Yavapai,AZ,-112.4910039,34.2961385
Hecla,Yavapai,AZ,-112.1215479,34.5380811
Forbing Park,Yavapai,AZ,-112.4957256,34.5655796
Pioneer Acres,Yavapai,AZ,-111.843762,34.5597469
Tapco,Yavapai,AZ,-112.0468257,34.7947424
Country Estates,Yavapai,AZ,-111.8498729,34.5375253
Middle Verde,Yavapai,AZ,-111.8915419,34.6200234
Drake,Yavapai,AZ,-112.376282,34.9814072
Piedmont,Yavapai,AZ,-112.864163,34.238641
Perkinsville,Yavapai,AZ,-112.1925763,34.9018531
Stringfield,Yavapai,AZ,-112.5565613,34.695023
Prescott,Yavapai,AZ,-112.468761,34.5399962
Pinaveta,Yavapai,AZ,-112.5729566,35.2272333
Aultman,Yavapai,AZ,-111.9143202,34.6164125
Humbug,Yavapai,AZ,-112.3231279,34.054443
Yampai,Yavapai,AZ,-113.2004805,35.489439
Mesa Verde Estates,Yavapai,AZ,-111.8601516,34.5847464
Granite Basin Summer Homes,Yavapai,AZ,-112.554061,34.6133569
Rancho Vista Estates,Yavapai,AZ,-112.509337,34.5230798
Gillette (Ruins),Yavapai,AZ,-112.163502,34.0189228
Fort Whipple,Yavapai,AZ,-112.4526688,34.5547464
Yava,Yavapai,AZ,-112.890462,34.4719677
Verde,Yavapai,AZ,-111.9948785,34.7161325
Fort River Caves,Yavapai,AZ,-111.8470955,34.5680801
Ponderosa Park,Yavapai,AZ,-112.487392,34.4714137
Blue Hills Farms,Yavapai,AZ,-112.2965531,34.5208585
Mack,Yavapai,AZ,-112.2871131,34.9602968
Mayer,Yavapai,AZ,-112.2362734,34.3978054
Seligman,Yavapai,AZ,-112.8763077,35.3268815
Congress,Yavapai,AZ,-112.8507374,34.162526
Congress Junction,Yavapai,AZ,-112.8449039,34.1628038
Crookton,Yavapai,AZ,-112.7079563,35.2952858
Bagdad,Yavapai,AZ,-113.1747594,34.5718144
Bignotti,Yavapai,AZ,-111.950155,34.6772444
Cordes Junction,Yavapai,AZ,-112.1216956,34.3289024
Jordan,Yavapai,AZ,-111.9057098,34.6902995
Ferguson Place Windmill,Yavapai,AZ,-112.7335114,34.346692
McGuireville,Yavapai,AZ,-111.8170959,34.6380783
Fort Misery,Yavapai,AZ,-112.3669314,34.1405572
Cornville,Yavapai,AZ,-111.9215438,34.7177989
Rimrock,Yavapai,AZ,-111.7848411,34.6450394
Miller Valley,Yavapai,AZ,-112.4760028,34.5530797
Wildwood Estates,Yavapai,AZ,-112.508226,34.5741906
Baldwins Crossing,Yavapai,AZ,-111.8076555,34.8239074
Yavapai Hills,Yavapai,AZ,-112.3835003,34.5616911
Deering Park Estates,Yavapai,AZ,-112.5662835,34.5361353
Nelson,Yavapai,AZ,-113.3202086,35.5141597
Constellation,Yavapai,AZ,-112.5823965,34.0633634
Potato Patch,Yavapai,AZ,-112.4144924,34.4301216
Hawkins,Yavapai,AZ,-112.9024064,34.2672463
Red Rock,Yavapai,AZ,-111.8165445,34.8255741
Baldwin Place,Yavapai,AZ,-112.4854482,34.2855832
Octave,Yavapai,AZ,-112.6898991,34.1416945
Diamond Valley,Yavapai,AZ,-112.3751667,34.56808
Wood Trap,Yavapai,AZ,-112.7996252,34.6078007
Bradshaw City,Yavapai,AZ,-112.355722,34.1966968
Whipple,Yavapai,AZ,-112.4496132,34.5566909
Lehman Mill,Yavapai,AZ,-112.4623929,34.095864
Mountain View Estates,Yavapai,AZ,-111.8382058,34.5375252
Arcosanti,Yavapai,AZ,-112.1006307,34.3427822
Oak Knoll Village,Yavapai,AZ,-112.4446129,34.5153023
Paxton Place,Yavapai,AZ,-112.4846155,34.1722515
Cleator,Yavapai,AZ,-112.2329398,34.2786409
Clemenceau,Yavapai,AZ,-112.0265462,34.7319656
Spring Valley,Yavapai,AZ,-112.1590486,34.3450288
Kirkland,Yavapai,AZ,-112.7121218,34.4175251
Clarkdale,Yavapai,AZ,-112.0579367,34.7711319
Stanton,Yavapai,AZ,-112.7293446,34.1653048
Yarnell,Yavapai,AZ,-112.7461411,34.2220666
Big Reef Mill,Yavapai,AZ,-112.484894,33.9647546
Cedar Mill,Yavapai,AZ,-111.9965437,34.4719716
Glen Oaks,Yavapai,AZ,-112.5485052,34.4430807
Castle Hot Springs,Yavapai,AZ,-112.3619377,33.9821165
Walker,Yavapai,AZ,-112.3782221,34.455859
Flores,Yavapai,AZ,-112.8215694,34.0625279
Tres Rios,Yavapai,AZ,-111.8482066,34.5639135
Ash Fork,Yavapai,AZ,-112.4840675,35.2250114
Walnut Grove,Yavapai,AZ,-112.5485058,34.2830827
Dugas,Yavapai,AZ,-111.978487,34.3619734
East Fort,Yavapai,AZ,-112.255163,34.1636425
Jordan Meadows,Yavapai,AZ,-111.8659845,34.5408586
Williamson,Yavapai,AZ,-112.5410052,34.690023
Pica,Yavapai,AZ,-113.1378915,35.4574634
South Fort,Yavapai,AZ,-112.2671079,34.1466982
Paulden,Yavapai,AZ,-112.4682271,34.8855757
Chilean Mill,Yavapai,AZ,-112.3932235,34.1511415
Wingfield,Yavapai,AZ,-111.8495948,34.5211368
Paradise Acres,Yavapai,AZ,-111.8495951,34.536692
Ocotillo,Yavapai,AZ,-112.2018278,34.3636394
Juniper Heights,Yavapai,AZ,-112.4629467,34.5216911
Kirkland Junction,Yavapai,AZ,-112.6651758,34.3691922
Rush Place Windmill,Yavapai,AZ,-112.6107299,34.2761377
Sand Mill,Yavapai,AZ,-112.7440671,34.0778061
Bear,Yavapai,AZ,-112.2473898,34.9425194
Wilhoit,Yavapai,AZ,-112.5868398,34.4258586
Smelter City,Yavapai,AZ,-111.9962676,34.739743
Verde River Meadows One,Yavapai,AZ,-111.8709853,34.582802
Hillside,Yavapai,AZ,-112.9171296,34.4183566
Grand View,Yavapai,AZ,-112.823237,34.4197464
Skull Valley,Yavapai,AZ,-112.6854541,34.5053024
Clear Creek,Yavapai,AZ,-111.8178276,34.5214135
Security Acres,Yavapai,AZ,-111.8645957,34.5508583
Castle Canyon Mesa,Yavapai,AZ,-112.3557219,34.5908576
Casa Rosa,Yavapai,AZ,-112.3357212,33.9475335
Lapham,Yavapai,AZ,-112.4021126,34.1805855
Cherry,Yavapai,AZ,-112.0418236,34.5880802
Rock Springs,Yavapai,AZ,-112.1495004,34.047766
Audley,Yavapai,AZ,-113.0390811,35.4016665
Lake Montezuma,Yavapai,AZ,-111.7779282,34.6322449
Centerville,Yavapai,AZ,-112.0565475,34.7597432
Wagoner,Yavapai,AZ,-112.5357279,34.2136393
Cordes Lakes,Yavapai,AZ,-112.1034912,34.3078074
Prescott Valley,Yavapai,AZ,-112.315721,34.6100243
Willow Spring,Yavapai,AZ,-112.863239,34.6700217
Fort Verde Estates,Yavapai,AZ,-111.8568175,34.5405808
Camp Verde,Yavapai,AZ,-111.854317,34.5636358
Cordes,Yavapai,AZ,-112.1668266,34.3033628
Bridgeport,Yavapai,AZ,-111.9965452,34.7214101
Jerome,Yavapai,AZ,-112.1137716,34.7489107
Minnehaha,Yavapai,AZ,-112.4073906,34.1633634
Peeples Valley,Yavapai,AZ,-112.7271223,34.2689145
Sedona,Yavapai,AZ,-111.8137097,34.8629426
Cottonwood,Yavapai,AZ,-112.009793,34.739489
Buffalo Ranch,Yavapai,AZ,-112.3605144,34.4845126
Bumble Bee,Yavapai,AZ,-112.1529388,34.2012374
Camp Verde,Yavapai,AZ,-111.8932419,34.6212498
Dewey-Humboldt,Yavapai,AZ,-112.2425051,34.5032243
Reddells Ranch Acres,Yuma,AZ,-111.8632071,34.5722467
Mint,Yuma,AZ,-112.5723952,34.7028006
Crown King,Yuma,AZ,-112.3384991,34.2055857
Black Canyon City,Yuma,AZ,-112.1507149,34.0708665
Breezy Pines,Yuma,AZ,-112.3546103,34.438915
Chino Valley,Yuma,AZ,-112.45378,34.7575227
Glen Ilah,Yuma,AZ,-112.7580445,34.2148853
Groom Creek,Yuma,AZ,-112.4312792,34.4755807
Iron Springs,Yuma,AZ,-112.5698948,34.584746
Apron Crossing,Yuma,AZ,-113.0476903,34.483355
Dandrea,Yuma,AZ,-112.3768333,34.3647494
McNary Place,Yuma,AZ,-112.4910039,34.2961385
Hecla,Yuma,AZ,-112.1215479,34.5380811
Forbing Park,Yuma,AZ,-112.4957256,34.5655796
Pioneer Acres,Yuma,AZ,-111.843762,34.5597469
Tapco,Yuma,AZ,-112.0468257,34.7947424
Country Estates,Yuma,AZ,-111.8498729,34.5375253
Middle Verde,Yuma,AZ,-111.8915419,34.6200234
Drake,Yuma,AZ,-112.376282,34.9814072
Piedmont,Yuma,AZ,-112.864163,34.238641
Perkinsville,Yuma,AZ,-112.1925763,34.9018531
Stringfield,Yuma,AZ,-112.5565613,34.695023
Prescott,Yuma,AZ,-112.468761,34.5399962
Pinaveta,Yuma,AZ,-112.5729566,35.2272333
Aultman,Yuma,AZ,-111.9143202,34.6164125
Humbug,Yuma,AZ,-112.3231279,34.054443
Yampai,Yuma,AZ,-113.2004805,35.489439
Mesa Verde Estates,Yuma,AZ,-111.8601516,34.5847464
Granite Basin Summer Homes,Yuma,AZ,-112.554061,34.6133569
Rancho Vista Estates,Yuma,AZ,-112.509337,34.5230798
Gillette (Ruins),Yuma,AZ,-112.163502,34.0189228
Fort Whipple,Yuma,AZ,-112.4526688,34.5547464
Yava,Yuma,AZ,-112.890462,34.4719677
Verde,Yuma,AZ,-111.9948785,34.7161325
Fort River Caves,Yuma,AZ,-111.8470955,34.5680801
Ponderosa Park,Yuma,AZ,-112.487392,34.4714137
Blue Hills Farms,Yuma,AZ,-112.2965531,34.5208585
Mack,Yuma,AZ,-112.2871131,34.9602968
Mayer,Yuma,AZ,-112.2362734,34.3978054
Seligman,Yuma,AZ,-112.8763077,35.3268815
Congress,Yuma,AZ,-112.8507374,34.162526
Congress Junction,Yuma,AZ,-112.8449039,34.1628038
Crookton,Yuma,AZ,-112.7079563,35.2952858
Bagdad,Yuma,AZ,-113.1747594,34.5718144
Bignotti,Yuma,AZ,-111.950155,34.6772444
Cordes Junction,Yuma,AZ,-112.1216956,34.3289024
Jordan,Yuma,AZ,-111.9057098,34.6902995
Ferguson Place Windmill,Yuma,AZ,-112.7335114,34.346692
McGuireville,Yuma,AZ,-111.8170959,34.6380783
Fort Misery,Yuma,AZ,-112.3669314,34.1405572
Cornville,Yuma,AZ,-111.9215438,34.7177989
Rimrock,Yuma,AZ,-111.7848411,34.6450394
Miller Valley,Yuma,AZ,-112.4760028,34.5530797
Wildwood Estates,Yuma,AZ,-112.508226,34.5741906
Baldwins Crossing,Yuma,AZ,-111.8076555,34.8239074
Yavapai Hills,Yuma,AZ,-112.3835003,34.5616911
Deering Park Estates,Yuma,AZ,-112.5662835,34.5361353
Nelson,Yuma,AZ,-113.3202086,35.5141597
Constellation,Yuma,AZ,-112.5823965,34.0633634
Potato Patch,Yuma,AZ,-112.4144924,34.4301216
Hawkins,Yuma,AZ,-112.9024064,34.2672463
Red Rock,Yuma,AZ,-111.8165445,34.8255741
Baldwin Place,Yuma,AZ,-112.4854482,34.2855832
Octave,Yuma,AZ,-112.6898991,34.1416945
Diamond Valley,Yuma,AZ,-112.3751667,34.56808
Wood Trap,Yuma,AZ,-112.7996252,34.6078007
Bradshaw City,Yuma,AZ,-112.355722,34.1966968
Whipple,Yuma,AZ,-112.4496132,34.5566909
Lehman Mill,Yuma,AZ,-112.4623929,34.095864
Mountain View Estates,Yuma,AZ,-111.8382058,34.5375252
Arcosanti,Yuma,AZ,-112.1006307,34.3427822
Oak Knoll Village,Yuma,AZ,-112.4446129,34.5153023
Paxton Place,Yuma,AZ,-112.4846155,34.1722515
Cleator,Yuma,AZ,-112.2329398,34.2786409
Clemenceau,Yuma,AZ,-112.0265462,34.7319656
Spring Valley,Yuma,AZ,-112.1590486,34.3450288
Kirkland,Yuma,AZ,-112.7121218,34.4175251
Clarkdale,Yuma,AZ,-112.0579367,34.7711319
Stanton,Yuma,AZ,-112.7293446,34.1653048
Yarnell,Yuma,AZ,-112.7461411,34.2220666
Big Reef Mill,Yuma,AZ,-112.484894,33.9647546
Cedar Mill,Yuma,AZ,-111.9965437,34.4719716
Glen Oaks,Yuma,AZ,-112.5485052,34.4430807
Castle Hot Springs,Yuma,AZ,-112.3619377,33.9821165
Walker,Yuma,AZ,-112.3782221,34.455859
Flores,Yuma,AZ,-112.8215694,34.0625279
Tres Rios,Yuma,AZ,-111.8482066,34.5639135
Ash Fork,Yuma,AZ,-112.4840675,35.2250114
Walnut Grove,Yuma,AZ,-112.5485058,34.2830827
Dugas,Yuma,AZ,-111.978487,34.3619734
East Fort,Yuma,AZ,-112.255163,34.1636425
Jordan Meadows,Yuma,AZ,-111.8659845,34.5408586
Williamson,Yuma,AZ,-112.5410052,34.690023
Pica,Yuma,AZ,-113.1378915,35.4574634
South Fort,Yuma,AZ,-112.2671079,34.1466982
Paulden,Yuma,AZ,-112.4682271,34.8855757
Chilean Mill,Yuma,AZ,-112.3932235,34.1511415
Wingfield,Yuma,AZ,-111.8495948,34.5211368
Paradise Acres,Yuma,AZ,-111.8495951,34.536692
Ocotillo,Yuma,AZ,-112.2018278,34.3636394
Juniper Heights,Yuma,AZ,-112.4629467,34.5216911
Kirkland Junction,Yuma,AZ,-112.6651758,34.3691922
Rush Place Windmill,Yuma,AZ,-112.6107299,34.2761377
Sand Mill,Yuma,AZ,-112.7440671,34.0778061
Bear,Yuma,AZ,-112.2473898,34.9425194
Wilhoit,Yuma,AZ,-112.5868398,34.4258586
Smelter City,Yuma,AZ,-111.9962676,34.739743
Verde River Meadows One,Yuma,AZ,-111.8709853,34.582802
Hillside,Yuma,AZ,-112.9171296,34.4183566
Grand View,Yuma,AZ,-112.823237,34.4197464
Skull Valley,Yuma,AZ,-112.6854541,34.5053024
Clear Creek,Yuma,AZ,-111.8178276,34.5214135
Security Acres,Yuma,AZ,-111.8645957,34.5508583
Castle Canyon Mesa,Yuma,AZ,-112.3557219,34.5908576
Casa Rosa,Yuma,AZ,-112.3357212,33.9475335
Lapham,Yuma,AZ,-112.4021126,34.1805855
Cherry,Yuma,AZ,-112.0418236,34.5880802
Rock Springs,Yuma,AZ,-112.1495004,34.047766
Audley,Yuma,AZ,-113.0390811,35.4016665
Lake Montezuma,Yuma,AZ,-111.7779282,34.6322449
Centerville,Yuma,AZ,-112.0565475,34.7597432
Wagoner,Yuma,AZ,-112.5357279,34.2136393
Cordes Lakes,Yuma,AZ,-112.1034912,34.3078074
Prescott Valley,Yuma,AZ,-112.315721,34.6100243
Willow Spring,Yuma,AZ,-112.863239,34.6700217
Fort Verde Estates,Yuma,AZ,-111.8568175,34.5405808
Camp Verde,Yuma,AZ,-111.854317,34.5636358
Cordes,Yuma,AZ,-112.1668266,34.3033628
Bridgeport,Yuma,AZ,-111.9965452,34.7214101
Jerome,Yuma,AZ,-112.1137716,34.7489107
Minnehaha,Yuma,AZ,-112.4073906,34.1633634
Peeples Valley,Yuma,AZ,-112.7271223,34.2689145
Sedona,Yuma,AZ,-111.8137097,34.8629426
Cottonwood,Yuma,AZ,-112.009793,34.739489
Buffalo Ranch,Yuma,AZ,-112.3605144,34.4845126
Bumble Bee,Yuma,AZ,-112.1529388,34.2012374
Camp Verde,Yuma,AZ,-111.8932419,34.6212498
Dewey-Humboldt,Yuma,AZ,-112.2425051,34.5032243
